{
  "version": 2,
  "cocktails": [
    {
      "id": "victor-spritz",
      "name": "Victor Spritz",
      "tag": "Seasonal",
      "glassware": "Wine Glass",
      "technique": "Build",
      "straining": "None",
      "garnish": "Lemon slice, Umbrella, Straw",
      "isBatched": true,
      "spec": [
        {
          "ingredient": "Lillet Rouge",
          "ml": 30
        },
        {
          "ingredient": "Cointreau",
          "ml": 10
        },
        {
          "ingredient": "St. Germain",
          "ml": 10
        }
      ],
      "serveExtras": "Top Prosecco",
      "batchRecipe": [
        {
          "ingredient": "Lillet Rouge",
          "parts": 3
        },
        {
          "ingredient": "Cointreau",
          "parts": 1
        },
        {
          "ingredient": "St. Germain",
          "parts": 1
        }
      ]
    },
    {
      "id": "spicy-margarita",
      "name": "Victor's Spicy Margarita",
      "tag": "Seasonal",
      "glassware": "LowBall/Rocks",
      "technique": "Shake",
      "straining": "Double Strain",
      "garnish": "Chili rim",
      "isBatched": true,
      "spec": [
        {
          "ingredient": "Spice Mix",
          "ml": 70
        },
        {
          "ingredient": "Lime",
          "ml": 30
        }
      ],
      "batchRecipe": [
        {
          "ingredient": "Altos Plata",
          "parts": 4
        },
        {
          "ingredient": "Cointreau",
          "parts": 1
        },
        {
          "ingredient": "Spice Mix",
          "parts": 2
        }
      ],
      "serveExtras": ""
    },
    {
      "id": "flor-de-mynte",
      "name": "Flor de Mynte",
      "tag": "Seasonal",
      "glassware": "Coupe",
      "technique": "Shake",
      "straining": "Double Strain",
      "garnish": "Mint leaf",
      "isBatched": true,
      "spec": [
        {
          "ingredient": "Midori",
          "ml": 30
        },
        {
          "ingredient": "St. Germain",
          "ml": 20
        },
        {
          "ingredient": "Lemon",
          "ml": 30
        },
        {
          "ingredient": "Sugar Syrup",
          "ml": 20
        },
        {
          "ingredient": "Egg Whites",
          "ml": 20
        }
      ],
      "batchRecipe": [
        {
          "ingredient": "Midori",
          "parts": 3
        },
        {
          "ingredient": "St. Germain",
          "parts": 2
        },
        {
          "ingredient": "Sugar Syrup",
          "parts": 2
        }
      ]
    },
    {
      "id": "belle-amour",
      "name": "Belle Amour",
      "tag": "Seasonal",
      "glassware": "Nick & Nora",
      "technique": "Shake",
      "straining": "Double Strain",
      "garnish": "Gold rim, Flower",
      "isBatched": true,
      "spec": [
        {
          "ingredient": "Cointreau",
          "ml": 30
        },
        {
          "ingredient": "Beefeater 24",
          "ml": 20
        },
        {
          "ingredient": "Lemon",
          "ml": 20
        },
        {
          "ingredient": "Sugar Syrup",
          "ml": 10
        },
        {
          "ingredient": "Grenadine",
          "ml": 10
        },
        {
          "ingredient": "Egg Whites",
          "ml": 10
        }
      ],
      "batchRecipe": [
        {
          "ingredient": "Cointreau",
          "parts": 3
        },
        {
          "ingredient": "Beefeater 24",
          "parts": 2
        },
        {
          "ingredient": "Sugar Syrup",
          "parts": 1
        },
        {
          "ingredient": "Grenadine",
          "parts": 1
        }
      ]
    },
    {
      "id": "island-nectar",
      "name": "Island Nectar",
      "tag": "Seasonal",
      "glassware": "Coupe",
      "technique": "Shake",
      "straining": "Double Strain",
      "garnish": "Dehydrated lime",
      "isBatched": true,
      "spec": [
        {
          "ingredient": "Fiji Rum",
          "ml": 50
        },
        {
          "ingredient": "Honey Syrup",
          "ml": 20
        },
        {
          "ingredient": "Lime",
          "ml": 30
        }
      ],
      "batchRecipe": [
        {
          "ingredient": "Fiji Rum",
          "parts": 5
        },
        {
          "ingredient": "Honey Syrup",
          "parts": 2
        }
      ]
    },
    {
      "id": "nutcrackers-sour",
      "name": "The Nutcrackers Sour",
      "tag": "Seasonal",
      "glassware": "Coupe",
      "technique": "Shake",
      "straining": "Double Strain",
      "garnish": "Cardamom rim",
      "isBatched": true,
      "spec": [
        {
          "ingredient": "Martell VS",
          "ml": 30
        },
        {
          "ingredient": "Cardamom Syrup",
          "ml": 30
        },
        {
          "ingredient": "Lemon",
          "ml": 30
        },
        {
          "ingredient": "Amaretto",
          "ml": 10
        },
        {
          "ingredient": "Cointreau",
          "ml": 10
        },
        {
          "ingredient": "Egg Whites",
          "ml": 20
        }
      ],
      "batchRecipe": [
        {
          "ingredient": "Martell VS",
          "parts": 3
        },
        {
          "ingredient": "Cardamom Syrup",
          "parts": 3
        },
        {
          "ingredient": "Amaretto",
          "parts": 1
        },
        {
          "ingredient": "Cointreau",
          "parts": 1
        }
      ]
    },
    {
      "id": "naughty-and-nice",
      "name": "Naughty and Nice",
      "tag": "Seasonal",
      "glassware": "Wine Glass",
      "technique": "Shake",
      "straining": "Double Strain",
      "garnish": "Cinnamon rim, Cinnamon stick",
      "isBatched": true,
      "spec": [
        {
          "ingredient": "Havana 7yr",
          "ml": 40
        },
        {
          "ingredient": "Cherry Heering",
          "ml": 20
        },
        {
          "ingredient": "Pomegranate",
          "ml": 60
        },
        {
          "ingredient": "Lime",
          "ml": 10
        },
        {
          "ingredient": "Cinnamon Syrup",
          "ml": 10
        }
      ],
      "serveExtras": "Top with Gingerbeer",
      "batchRecipe": [
        {
          "ingredient": "Havana 7yr",
          "parts": 4
        },
        {
          "ingredient": "Cherry Heering",
          "parts": 2
        },
        {
          "ingredient": "Cinnamon Syrup",
          "parts": 1
        }
      ]
    },
    {
      "id": "wonderland",
      "name": "Wonderland",
      "tag": "Seasonal",
      "glassware": "LowBall/Rocks",
      "technique": "Shake",
      "straining": "Double Strain",
      "garnish": "Mint spring with powder",
      "isBatched": true,
      "spec": [
        {
          "ingredient": "Havana 7yr",
          "ml": 40
        },
        {
          "ingredient": "Pimento Dram",
          "ml": 10
        },
        {
          "ingredient": "Crème de mure",
          "ml": 20
        },
        {
          "ingredient": "White chocolate",
          "ml": 20
        },
        {
          "ingredient": "Lemon",
          "ml": 20
        }
      ],
      "batchRecipe": [
        {
          "ingredient": "Havana 7yr",
          "parts": 4
        },
        {
          "ingredient": "Pimento Dram",
          "parts": 1
        },
        {
          "ingredient": "Crème de mure",
          "parts": 2
        },
        {
          "ingredient": "White chocolate",
          "parts": 2
        }
      ]
    },
    {
      "id": "amaretto-sour",
      "name": "Amaretto Sour",
      "tag": "Regular",
      "glassware": "LowBall/Rocks",
      "technique": "Shake",
      "straining": "Double Strain",
      "garnish": "Maraschino cherry",
      "isBatched": false,
      "spec": [
        {
          "ingredient": "Amaretto",
          "ml": 40
        },
        {
          "ingredient": "Bourbon",
          "ml": 10
        },
        {
          "ingredient": "Sugar Syrup",
          "ml": 20
        },
        {
          "ingredient": "Egg White",
          "ml": 20
        },
        {
          "ingredient": "Lemon Juice",
          "ml": 30
        }
      ],
      "serveExtras": "2 Dashes Angostura bitters"
    },
    {
      "id": "americano",
      "name": "Americano",
      "tag": "Regular",
      "glassware": "Highball",
      "technique": "Build",
      "straining": "None",
      "garnish": "Orange Slice",
      "isBatched": false,
      "spec": [
        {
          "ingredient": "Campari",
          "ml": 30
        },
        {
          "ingredient": "Cocchi Rosso",
          "ml": 30
        }
      ],
      "serveExtras": "Top Soda"
    },
    {
      "id": "aperol-spritz",
      "name": "Aperol Spritz",
      "tag": "Regular",
      "glassware": "Wine",
      "technique": "Build",
      "straining": "None",
      "garnish": "Orange Slice",
      "isBatched": false,
      "spec": [
        {
          "ingredient": "Aperol",
          "ml": 50
        }
      ],
      "serveExtras": "Top Prosecco/Cava, splash soda"
    },
    {
      "id": "bloody-mary",
      "name": "Bloody Mary",
      "tag": "Regular",
      "glassware": "Highball",
      "technique": "Throw",
      "straining": "Strain",
      "garnish": "Lemon Slice+ Cucumber slice on a skewer",
      "isBatched": false,
      "spec": [
        {
          "ingredient": "Elyx",
          "ml": 50
        },
        {
          "ingredient": "Looza tomat",
          "ml": 100
        },
        {
          "ingredient": "Lemon Juice",
          "ml": 10
        },
        {
          "ingredient": "Worcestershire sauce",
          "ml": 10
        }
      ],
      "serveExtras": "3 dashes Tabasco, 2 shaker twists Pepper, 2 dashes Celery salt"
    },
    {
      "id": "caipirinha",
      "name": "Caipirinha",
      "tag": "Regular",
      "glassware": "LowBall/Rocks",
      "technique": "Shake",
      "straining": "Dirty Pour",
      "garnish": "Lime Wedge",
      "isBatched": false,
      "spec": [
        {
          "ingredient": "Cachaça",
          "ml": 50
        },
        {
          "ingredient": "Lime Juice",
          "ml": 20
        },
        {
          "ingredient": "Sugar Syrup",
          "ml": 10
        }
      ],
      "serveExtras": "2 lime wedges cut in half in the glass"
    },
    {
      "id": "cosmopolitan",
      "name": "Cosmopolitan",
      "tag": "Regular",
      "glassware": "Coupe",
      "technique": "Shake",
      "straining": "Double Strain",
      "garnish": "Dehydrated lime wheel",
      "isBatched": false,
      "spec": [
        {
          "ingredient": "Elyx",
          "ml": 40
        },
        {
          "ingredient": "Cointreau",
          "ml": 20
        },
        {
          "ingredient": "Lime Juice",
          "ml": 20
        },
        {
          "ingredient": "Cranberry Juice",
          "ml": 40
        }
      ]
    },
    {
      "id": "bobby-burns",
      "name": "Bobby Burns",
      "tag": "Regular",
      "glassware": "LowBall/Rocks",
      "technique": "Build",
      "straining": "None",
      "garnish": "Orange peel",
      "isBatched": false,
      "spec": [
        {
          "ingredient": "4 Roses",
          "ml": 40
        },
        {
          "ingredient": "Cocchi Rosso",
          "ml": 40
        },
        {
          "ingredient": "Dom Benedictine",
          "ml": 10
        }
      ],
      "serveExtras": "2 Dashes Peychards"
    },
    {
      "id": "boulevardier",
      "name": "Boulevardier",
      "tag": "Regular",
      "glassware": "LowBall/Rocks",
      "technique": "Build",
      "straining": "None",
      "garnish": "Orange peel",
      "isBatched": false,
      "spec": [
        {
          "ingredient": "4 Roses",
          "ml": 30
        },
        {
          "ingredient": "Campari",
          "ml": 30
        },
        {
          "ingredient": "Cocchi Rosso",
          "ml": 30
        }
      ]
    },
    {
      "id": "bramble",
      "name": "Bramble",
      "tag": "Regular",
      "glassware": "LowBall/Rocks",
      "technique": "Build",
      "straining": "None",
      "garnish": "Lemon Wedge",
      "isBatched": false,
      "spec": [
        {
          "ingredient": "Plymouth",
          "ml": 40
        },
        {
          "ingredient": "Lemon Juice",
          "ml": 20
        },
        {
          "ingredient": "Sugar Syrup",
          "ml": 10
        },
        {
          "ingredient": "Cassis",
          "ml": 20
        }
      ],
      "serveExtras": "Cassis over top of crushed ice"
    },
    {
      "id": "daiquiri",
      "name": "Daiquiri",
      "tag": "Regular",
      "glassware": "Nick & Nora",
      "technique": "Shake",
      "straining": "Double Strain",
      "garnish": "Dehydrated lime wheel on rim",
      "isBatched": false,
      "spec": [
        {
          "ingredient": "Havana 3 Year",
          "ml": 50
        },
        {
          "ingredient": "Lime Juice",
          "ml": 30
        },
        {
          "ingredient": "Sugar Syrup",
          "ml": 20
        }
      ]
    },
    {
      "id": "dark-and-stormy",
      "name": "Dark & Stormy",
      "tag": "Regular",
      "glassware": "Highball",
      "technique": "Build",
      "straining": "None",
      "garnish": "Lime wedge",
      "isBatched": false,
      "spec": [
        {
          "ingredient": "Havana 7 Year",
          "ml": 50
        },
        {
          "ingredient": "Lime Juice",
          "ml": 20
        }
      ],
      "serveExtras": "2 Dashes Angostura Bitters, Top Ginger beer"
    },
    {
      "id": "old-fashioned",
      "name": "Old Fashioned",
      "tag": "Regular",
      "glassware": "LowBall/Rocks",
      "technique": "Build",
      "straining": "None",
      "garnish": "Orange slice or peel",
      "isBatched": false,
      "spec": [
        {
          "ingredient": "Whisky",
          "ml": 50
        },
        {
          "ingredient": "Sugar syrup",
          "ml": 10
        }
      ],
      "serveExtras": "3 dashes Angostura bitters"
    },
    {
      "id": "vodka-martini",
      "name": "Vodka Martini",
      "tag": "Regular",
      "glassware": "Nick & Nora",
      "technique": "Stir",
      "straining": "Strain",
      "garnish": "Lemon Twist/Olive",
      "isBatched": false,
      "spec": [
        {
          "ingredient": "Elyx",
          "ml": 40
        },
        {
          "ingredient": "Noilly Prat",
          "ml": 20
        }
      ],
      "serveExtras": "If Dirty Add 1cl Olive brie"
    },
    {
      "id": "white-russian",
      "name": "White Russian",
      "tag": "Regular",
      "glassware": "LowBall/Rocks",
      "technique": "Build",
      "straining": "None",
      "garnish": "None",
      "isBatched": false,
      "spec": [
        {
          "ingredient": "Elyx",
          "ml": 40
        },
        {
          "ingredient": "Kahlua",
          "ml": 40
        }
      ],
      "serveExtras": "Top double cream, Layered"
    },
    {
      "id": "whisky-sour",
      "name": "Whisky Sour",
      "tag": "Regular",
      "glassware": "LowBall/Rocks",
      "technique": "Shake",
      "straining": "Double Strain",
      "garnish": "Orange peel",
      "isBatched": false,
      "spec": [
        {
          "ingredient": "4 Roses",
          "ml": 50
        },
        {
          "ingredient": "Sugar Syrup",
          "ml": 20
        },
        {
          "ingredient": "Egg White",
          "ml": 20
        },
        {
          "ingredient": "Lemon Juice",
          "ml": 30
        }
      ],
      "serveExtras": "3 Dashes Angostura bitters"
    },
    {
      "id": "pornstar-martini",
      "name": "Pornstar Martini",
      "tag": "Regular",
      "glassware": "Coupe",
      "technique": "Shake",
      "straining": "Double Strain",
      "garnish": "Prosecco Shot on Side",
      "isBatched": false,
      "spec": [
        {
          "ingredient": "Absolut vanilla",
          "ml": 50
        },
        {
          "ingredient": "Sugar Syrup",
          "ml": 20
        },
        {
          "ingredient": "Lemon juice",
          "ml": 20
        },
        {
          "ingredient": "Passionfruit Puree",
          "ml": 30
        }
      ],
      "serveExtras": "Shot of Prosecco (on side)"
    },
    {
      "id": "espresso-martini",
      "name": "Espresso Martini",
      "tag": "Regular",
      "glassware": "Coupe",
      "technique": "Shake",
      "straining": "Double Strain",
      "garnish": "3 Coffee Beans",
      "isBatched": false,
      "spec": [
        {
          "ingredient": "Absolut vanilla",
          "ml": 40
        },
        {
          "ingredient": "Kahlua",
          "ml": 20
        },
        {
          "ingredient": "Sugar Syrup",
          "ml": 20
        },
        {
          "ingredient": "Coffee",
          "ml": 40
        }
      ]
    },
    {
      "id": "gin-fizz",
      "name": "Gin Fizz",
      "tag": "Regular",
      "glassware": "Highball",
      "technique": "Shake",
      "straining": "Double Strain",
      "garnish": "Lemon slice",
      "isBatched": false,
      "spec": [
        {
          "ingredient": "Plymouth",
          "ml": 50
        },
        {
          "ingredient": "Lemon juice",
          "ml": 30
        },
        {
          "ingredient": "Sugar Syrup",
          "ml": 20
        },
        {
          "ingredient": "Eggwhites",
          "ml": 20
        }
      ],
      "serveExtras": "Top soda"
    },
    {
      "id": "gin-martini",
      "name": "Gin Martini",
      "tag": "Regular",
      "glassware": "Nick & Nora",
      "technique": "Stir",
      "straining": "Strain",
      "garnish": "Lemon Twist/Olive",
      "isBatched": false,
      "spec": [
        {
          "ingredient": "Plymouth",
          "ml": 40
        },
        {
          "ingredient": "Noilly Prat",
          "ml": 15
        }
      ],
      "serveExtras": "If Dirty Add 1cl Olive brie"
    },
    {
      "id": "irish-coffee",
      "name": "Irish Coffee",
      "tag": "Regular",
      "glassware": "Water Glass",
      "technique": "Build",
      "straining": "None",
      "garnish": "Coffee Bean and Straw",
      "isBatched": false,
      "spec": [
        {
          "ingredient": "Jameson or Tullamore",
          "ml": 30
        },
        {
          "ingredient": "Filter coffee",
          "ml": 100
        }
      ],
      "serveExtras": "Spoon of brown sugar, Layered Siphon cream"
    },
    {
      "id": "manhattan-sweet",
      "name": "Manhattan (Sweet)",
      "tag": "Regular",
      "glassware": "Coupe",
      "technique": "Stir",
      "straining": "Strain",
      "garnish": "Maraschino Cherry",
      "isBatched": false,
      "spec": [
        {
          "ingredient": "Rittenhouse",
          "ml": 40
        },
        {
          "ingredient": "Martini Rosso",
          "ml": 20
        }
      ],
      "serveExtras": "2 Dashes Angostura Bitters"
    },
    {
      "id": "margarita",
      "name": "Margarita",
      "tag": "Regular",
      "glassware": "Coupe",
      "technique": "Shake",
      "straining": "Double Strain",
      "garnish": "Salt Rim and dehydrated lime wheel",
      "isBatched": false,
      "spec": [
        {
          "ingredient": "White Tequila",
          "ml": 40
        },
        {
          "ingredient": "Cointreau",
          "ml": 20
        },
        {
          "ingredient": "Lime Juice",
          "ml": 30
        },
        {
          "ingredient": "Sugar Syrup",
          "ml": 20
        }
      ]
    },
    {
      "id": "maverick",
      "name": "Maverick",
      "tag": "Regular",
      "glassware": "Coupe",
      "technique": "Shake",
      "straining": "Double Strain",
      "garnish": "none",
      "isBatched": true,
      "spec": [
        {
          "ingredient": "Absolut vanilla",
          "ml": 50
        },
        {
          "ingredient": "Vanilla Syrup",
          "ml": 20
        },
        {
          "ingredient": "Sugar Syrup",
          "ml": 20
        },
        {
          "ingredient": "Passionfruit Puree",
          "ml": 30
        }
      ],
      "serveExtras": "Top Prosecco (to top of glass)",
      "batchRecipe": [
        {
          "ingredient": "Vanilla Vodka",
          "parts": 3
        },
        {
          "ingredient": "Sugar",
          "parts": 1
        },
        {
          "ingredient": "Lemon Juice",
          "parts": 1
        },
        {
          "ingredient": "Passionfruit Puree",
          "parts": 2
        }
      ]
    },
    {
      "id": "mojito",
      "name": "Mojito",
      "tag": "Regular",
      "glassware": "Highball",
      "technique": "Build & Churn",
      "straining": "None",
      "garnish": "Mint Sprig and lime wedge",
      "isBatched": false,
      "spec": [
        {
          "ingredient": "Havana 3 Year",
          "ml": 50
        },
        {
          "ingredient": "Lime Juice",
          "ml": 30
        },
        {
          "ingredient": "Sugar Syrup",
          "ml": 20
        }
      ],
      "serveExtras": "6 Mint Leaves (churned), Top soda"
    },
    {
      "id": "moscow-mule",
      "name": "Moscow Mule",
      "tag": "Regular",
      "glassware": "Highball",
      "technique": "Build",
      "straining": "None",
      "garnish": "Lime Wedge",
      "isBatched": false,
      "spec": [
        {
          "ingredient": "Elyx",
          "ml": 50
        },
        {
          "ingredient": "Lime Juice",
          "ml": 20
        }
      ],
      "serveExtras": "2 Dashes Angostura Bitters, Top Ginger beer"
    },
    {
      "id": "negroni",
      "name": "Negroni",
      "tag": "Regular",
      "glassware": "LowBall/Rocks",
      "technique": "Build",
      "straining": "None",
      "garnish": "Orange Slice or peel",
      "isBatched": false,
      "spec": [
        {
          "ingredient": "Plymouth",
          "ml": 30
        },
        {
          "ingredient": "Campari",
          "ml": 30
        },
        {
          "ingredient": "Martini Rosso",
          "ml": 30
        }
      ]
    },
    {
      "id": "sour-base",
      "name": "Sour (Base)",
      "tag": "Regular",
      "glassware": "LowBall/Rocks",
      "technique": "Shake",
      "straining": "Double Strain",
      "garnish": "Various",
      "isBatched": false,
      "spec": [
        {
          "ingredient": "Spirit",
          "ml": 50
        },
        {
          "ingredient": "Sugar Syrup",
          "ml": 20
        },
        {
          "ingredient": "Egg White",
          "ml": 20
        },
        {
          "ingredient": "Lemon or Lime Juice",
          "ml": 30
        }
      ],
      "serveExtras": "3 Dashes Bitters if appropriate"
    }
  ],
  "inventory": [
    {
      "cocktailId": "victor-spritz",
      "count": 16,
      "threshold": 7,
      "premixLog": []
    },
    {
      "cocktailId": "spicy-margarita",
      "count": 13,
      "threshold": 9,
      "premixLog": []
    },
    {
      "cocktailId": "flor-de-mynte",
      "count": 8,
      "threshold": 7,
      "premixLog": []
    },
    {
      "cocktailId": "belle-amour",
      "count": 14,
      "threshold": 7,
      "premixLog": []
    },
    {
      "cocktailId": "island-nectar",
      "count": 14,
      "threshold": 7,
      "premixLog": []
    },
    {
      "cocktailId": "nutcrackers-sour",
      "count": 12,
      "threshold": 7,
      "premixLog": []
    },
    {
      "cocktailId": "naughty-and-nice",
      "count": 11,
      "threshold": 7,
      "premixLog": []
    },
    {
      "cocktailId": "wonderland",
      "count": 8,
      "threshold": 7,
      "premixLog": []
    },
    {
      "cocktailId": "maverick",
      "count": 18,
      "threshold": 14,
      "premixLog": []
    }
  ],
  "prepLogs": [],
  "config": {
    "bottleMl": 700,
    "defaultThreshold": 2,
    "perishables": "lemon,lime,juice,egg,cream,mint,basil,cucumber,fruit"
  },
  "searchQuery": "",
  "lastLogEntry": {
    "ts": 1772063696841,
    "count": 14,
    "previousCount": 7,
    "delta": 7,
    "action": "batch-edit",
    "cocktailName": "Belle Amour"
  }
}