[{"cocktail_id":"victor-spritz","ingredient":"Lillet Rouge","parts":3},{"cocktail_id":"victor-spritz","ingredient":"Cointreau","parts":1},{"cocktail_id":"victor-spritz","ingredient":"St. Germain","parts":1},{"cocktail_id":"spicy-margarita","ingredient":"Altos Plata","parts":4},{"cocktail_id":"spicy-margarita","ingredient":"Cointreau","parts":1},{"cocktail_id":"spicy-margarita","ingredient":"Spice Mix","parts":2},{"cocktail_id":"flor-de-mynte","ingredient":"Midori","parts":3},{"cocktail_id":"flor-de-mynte","ingredient":"St. Germain","parts":2},{"cocktail_id":"flor-de-mynte","ingredient":"Sugar Syrup","parts":2},{"cocktail_id":"belle-amour","ingredient":"Cointreau","parts":3},{"cocktail_id":"belle-amour","ingredient":"Beefeater 24","parts":2},{"cocktail_id":"belle-amour","ingredient":"Sugar Syrup","parts":1},{"cocktail_id":"belle-amour","ingredient":"Grenadine","parts":1},{"cocktail_id":"island-nectar","ingredient":"Fiji Rum","parts":5},{"cocktail_id":"island-nectar","ingredient":"Honey Syrup","parts":2},{"cocktail_id":"nutcrackers-sour","ingredient":"Martell VS","parts":3},{"cocktail_id":"nutcrackers-sour","ingredient":"Cardamom Syrup","parts":3},{"cocktail_id":"nutcrackers-sour","ingredient":"Amaretto","parts":1},{"cocktail_id":"nutcrackers-sour","ingredient":"Cointreau","parts":1},{"cocktail_id":"naughty-and-nice","ingredient":"Havana 7yr","parts":4},{"cocktail_id":"naughty-and-nice","ingredient":"Cherry Heering","parts":2},{"cocktail_id":"naughty-and-nice","ingredient":"Cinnamon Syrup","parts":1},{"cocktail_id":"wonderland","ingredient":"Havana 7yr","parts":4},{"cocktail_id":"wonderland","ingredient":"Pimento Dram","parts":1},{"cocktail_id":"wonderland","ingredient":"Crème de mure","parts":2},{"cocktail_id":"wonderland","ingredient":"White chocolate","parts":2},{"cocktail_id":"maverick","ingredient":"Vanilla Vodka","parts":3},{"cocktail_id":"maverick","ingredient":"Sugar","parts":1},{"cocktail_id":"maverick","ingredient":"Lemon Juice","parts":1},{"cocktail_id":"maverick","ingredient":"Passionfruit Puree","parts":2},{"cocktail_id":"victor-spritz","ingredient":"Lillet Rouge","parts":3},{"cocktail_id":"victor-spritz","ingredient":"Cointreau","parts":1},{"cocktail_id":"victor-spritz","ingredient":"St. Germain","parts":1},{"cocktail_id":"spicy-margarita","ingredient":"Altos Plata","parts":4},{"cocktail_id":"spicy-margarita","ingredient":"Cointreau","parts":1},{"cocktail_id":"spicy-margarita","ingredient":"Spice Mix","parts":2},{"cocktail_id":"flor-de-mynte","ingredient":"Midori","parts":3},{"cocktail_id":"flor-de-mynte","ingredient":"St. Germain","parts":2},{"cocktail_id":"flor-de-mynte","ingredient":"Sugar Syrup","parts":2},{"cocktail_id":"belle-amour","ingredient":"Cointreau","parts":3},{"cocktail_id":"belle-amour","ingredient":"Beefeater 24","parts":2},{"cocktail_id":"belle-amour","ingredient":"Sugar Syrup","parts":1},{"cocktail_id":"belle-amour","ingredient":"Grenadine","parts":1},{"cocktail_id":"island-nectar","ingredient":"Fiji Rum","parts":5},{"cocktail_id":"island-nectar","ingredient":"Honey Syrup","parts":2},{"cocktail_id":"nutcrackers-sour","ingredient":"Martell VS","parts":3},{"cocktail_id":"nutcrackers-sour","ingredient":"Cardamom Syrup","parts":3},{"cocktail_id":"nutcrackers-sour","ingredient":"Amaretto","parts":1},{"cocktail_id":"nutcrackers-sour","ingredient":"Cointreau","parts":1},{"cocktail_id":"naughty-and-nice","ingredient":"Havana 7yr","parts":4},{"cocktail_id":"naughty-and-nice","ingredient":"Cherry Heering","parts":2},{"cocktail_id":"naughty-and-nice","ingredient":"Cinnamon Syrup","parts":1},{"cocktail_id":"wonderland","ingredient":"Havana 7yr","parts":4},{"cocktail_id":"wonderland","ingredient":"Pimento Dram","parts":1},{"cocktail_id":"wonderland","ingredient":"Crème de mure","parts":2},{"cocktail_id":"wonderland","ingredient":"White chocolate","parts":2},{"cocktail_id":"maverick","ingredient":"Vanilla Vodka","parts":3},{"cocktail_id":"maverick","ingredient":"Sugar","parts":1},{"cocktail_id":"maverick","ingredient":"Lemon Juice","parts":1},{"cocktail_id":"maverick","ingredient":"Passionfruit Puree","parts":2},{"cocktail_id":"victor-spritz","ingredient":"Lillet Rouge","parts":3},{"cocktail_id":"victor-spritz","ingredient":"Cointreau","parts":1},{"cocktail_id":"victor-spritz","ingredient":"St. Germain","parts":1},{"cocktail_id":"spicy-margarita","ingredient":"Altos Plata","parts":4},{"cocktail_id":"spicy-margarita","ingredient":"Cointreau","parts":1},{"cocktail_id":"spicy-margarita","ingredient":"Spice Mix","parts":2},{"cocktail_id":"flor-de-mynte","ingredient":"Midori","parts":3},{"cocktail_id":"flor-de-mynte","ingredient":"St. Germain","parts":2},{"cocktail_id":"flor-de-mynte","ingredient":"Sugar Syrup","parts":2},{"cocktail_id":"belle-amour","ingredient":"Cointreau","parts":3},{"cocktail_id":"belle-amour","ingredient":"Beefeater 24","parts":2},{"cocktail_id":"belle-amour","ingredient":"Sugar Syrup","parts":1},{"cocktail_id":"belle-amour","ingredient":"Grenadine","parts":1},{"cocktail_id":"island-nectar","ingredient":"Fiji Rum","parts":5},{"cocktail_id":"island-nectar","ingredient":"Honey Syrup","parts":2},{"cocktail_id":"nutcrackers-sour","ingredient":"Martell VS","parts":3},{"cocktail_id":"nutcrackers-sour","ingredient":"Cardamom Syrup","parts":3},{"cocktail_id":"nutcrackers-sour","ingredient":"Amaretto","parts":1},{"cocktail_id":"nutcrackers-sour","ingredient":"Cointreau","parts":1},{"cocktail_id":"naughty-and-nice","ingredient":"Havana 7yr","parts":4},{"cocktail_id":"naughty-and-nice","ingredient":"Cherry Heering","parts":2},{"cocktail_id":"naughty-and-nice","ingredient":"Cinnamon Syrup","parts":1},{"cocktail_id":"wonderland","ingredient":"Havana 7yr","parts":4},{"cocktail_id":"wonderland","ingredient":"Pimento Dram","parts":1},{"cocktail_id":"wonderland","ingredient":"Crème de mure","parts":2},{"cocktail_id":"wonderland","ingredient":"White chocolate","parts":2},{"cocktail_id":"maverick","ingredient":"Vanilla Vodka","parts":3},{"cocktail_id":"maverick","ingredient":"Sugar","parts":1},{"cocktail_id":"maverick","ingredient":"Lemon Juice","parts":1},{"cocktail_id":"maverick","ingredient":"Passionfruit Puree","parts":2}]