[{"cocktail_id":"victor-spritz","ingredient":"Lillet Rouge","ml":30},{"cocktail_id":"victor-spritz","ingredient":"Cointreau","ml":10},{"cocktail_id":"victor-spritz","ingredient":"St. Germain","ml":10},{"cocktail_id":"spicy-margarita","ingredient":"Spice Mix","ml":70},{"cocktail_id":"spicy-margarita","ingredient":"Lime","ml":30},{"cocktail_id":"flor-de-mynte","ingredient":"Midori","ml":30},{"cocktail_id":"flor-de-mynte","ingredient":"St. Germain","ml":20},{"cocktail_id":"flor-de-mynte","ingredient":"Lemon","ml":30},{"cocktail_id":"flor-de-mynte","ingredient":"Sugar Syrup","ml":20},{"cocktail_id":"flor-de-mynte","ingredient":"Egg Whites","ml":20},{"cocktail_id":"belle-amour","ingredient":"Cointreau","ml":30},{"cocktail_id":"belle-amour","ingredient":"Beefeater 24","ml":20},{"cocktail_id":"belle-amour","ingredient":"Lemon","ml":20},{"cocktail_id":"belle-amour","ingredient":"Sugar Syrup","ml":10},{"cocktail_id":"belle-amour","ingredient":"Grenadine","ml":10},{"cocktail_id":"belle-amour","ingredient":"Egg Whites","ml":10},{"cocktail_id":"island-nectar","ingredient":"Fiji Rum","ml":50},{"cocktail_id":"island-nectar","ingredient":"Honey Syrup","ml":20},{"cocktail_id":"island-nectar","ingredient":"Lime","ml":30},{"cocktail_id":"nutcrackers-sour","ingredient":"Martell VS","ml":30},{"cocktail_id":"nutcrackers-sour","ingredient":"Cardamom Syrup","ml":30},{"cocktail_id":"nutcrackers-sour","ingredient":"Lemon","ml":30},{"cocktail_id":"nutcrackers-sour","ingredient":"Amaretto","ml":10},{"cocktail_id":"nutcrackers-sour","ingredient":"Cointreau","ml":10},{"cocktail_id":"nutcrackers-sour","ingredient":"Egg Whites","ml":20},{"cocktail_id":"naughty-and-nice","ingredient":"Havana 7yr","ml":40},{"cocktail_id":"naughty-and-nice","ingredient":"Cherry Heering","ml":20},{"cocktail_id":"naughty-and-nice","ingredient":"Pomegranate","ml":60},{"cocktail_id":"naughty-and-nice","ingredient":"Lime","ml":10},{"cocktail_id":"naughty-and-nice","ingredient":"Cinnamon Syrup","ml":10},{"cocktail_id":"wonderland","ingredient":"Havana 7yr","ml":40},{"cocktail_id":"wonderland","ingredient":"Pimento Dram","ml":10},{"cocktail_id":"wonderland","ingredient":"Crème de mure","ml":20},{"cocktail_id":"wonderland","ingredient":"White chocolate","ml":20},{"cocktail_id":"wonderland","ingredient":"Lemon","ml":20},{"cocktail_id":"amaretto-sour","ingredient":"Amaretto","ml":40},{"cocktail_id":"amaretto-sour","ingredient":"Bourbon","ml":10},{"cocktail_id":"amaretto-sour","ingredient":"Sugar Syrup","ml":20},{"cocktail_id":"amaretto-sour","ingredient":"Egg White","ml":20},{"cocktail_id":"amaretto-sour","ingredient":"Lemon Juice","ml":30},{"cocktail_id":"americano","ingredient":"Campari","ml":30},{"cocktail_id":"americano","ingredient":"Cocchi Rosso","ml":30},{"cocktail_id":"aperol-spritz","ingredient":"Aperol","ml":50},{"cocktail_id":"bloody-mary","ingredient":"Elyx","ml":50},{"cocktail_id":"bloody-mary","ingredient":"Looza tomat","ml":100},{"cocktail_id":"bloody-mary","ingredient":"Lemon Juice","ml":10},{"cocktail_id":"bloody-mary","ingredient":"Worcestershire sauce","ml":10},{"cocktail_id":"caipirinha","ingredient":"Cachaça","ml":50},{"cocktail_id":"caipirinha","ingredient":"Lime Juice","ml":20},{"cocktail_id":"caipirinha","ingredient":"Sugar Syrup","ml":10},{"cocktail_id":"cosmopolitan","ingredient":"Elyx","ml":40},{"cocktail_id":"cosmopolitan","ingredient":"Cointreau","ml":20},{"cocktail_id":"cosmopolitan","ingredient":"Lime Juice","ml":20},{"cocktail_id":"cosmopolitan","ingredient":"Cranberry Juice","ml":40},{"cocktail_id":"bobby-burns","ingredient":"4 Roses","ml":40},{"cocktail_id":"bobby-burns","ingredient":"Cocchi Rosso","ml":40},{"cocktail_id":"bobby-burns","ingredient":"Dom Benedictine","ml":10},{"cocktail_id":"boulevardier","ingredient":"4 Roses","ml":30},{"cocktail_id":"boulevardier","ingredient":"Campari","ml":30},{"cocktail_id":"boulevardier","ingredient":"Cocchi Rosso","ml":30},{"cocktail_id":"bramble","ingredient":"Plymouth","ml":40},{"cocktail_id":"bramble","ingredient":"Lemon Juice","ml":20},{"cocktail_id":"bramble","ingredient":"Sugar Syrup","ml":10},{"cocktail_id":"bramble","ingredient":"Cassis","ml":20},{"cocktail_id":"daiquiri","ingredient":"Havana 3 Year","ml":50},{"cocktail_id":"daiquiri","ingredient":"Lime Juice","ml":30},{"cocktail_id":"daiquiri","ingredient":"Sugar Syrup","ml":20},{"cocktail_id":"dark-and-stormy","ingredient":"Havana 7 Year","ml":50},{"cocktail_id":"dark-and-stormy","ingredient":"Lime Juice","ml":20},{"cocktail_id":"old-fashioned","ingredient":"Whisky","ml":50},{"cocktail_id":"old-fashioned","ingredient":"Sugar syrup","ml":10},{"cocktail_id":"vodka-martini","ingredient":"Elyx","ml":40},{"cocktail_id":"vodka-martini","ingredient":"Noilly Prat","ml":20},{"cocktail_id":"white-russian","ingredient":"Elyx","ml":40},{"cocktail_id":"white-russian","ingredient":"Kahlua","ml":40},{"cocktail_id":"whisky-sour","ingredient":"4 Roses","ml":50},{"cocktail_id":"whisky-sour","ingredient":"Sugar Syrup","ml":20},{"cocktail_id":"whisky-sour","ingredient":"Egg White","ml":20},{"cocktail_id":"whisky-sour","ingredient":"Lemon Juice","ml":30},{"cocktail_id":"pornstar-martini","ingredient":"Absolut vanilla","ml":50},{"cocktail_id":"pornstar-martini","ingredient":"Sugar Syrup","ml":20},{"cocktail_id":"pornstar-martini","ingredient":"Lemon juice","ml":20},{"cocktail_id":"pornstar-martini","ingredient":"Passionfruit Puree","ml":30},{"cocktail_id":"espresso-martini","ingredient":"Absolut vanilla","ml":40},{"cocktail_id":"espresso-martini","ingredient":"Kahlua","ml":20},{"cocktail_id":"espresso-martini","ingredient":"Sugar Syrup","ml":20},{"cocktail_id":"espresso-martini","ingredient":"Coffee","ml":40},{"cocktail_id":"gin-fizz","ingredient":"Plymouth","ml":50},{"cocktail_id":"gin-fizz","ingredient":"Lemon juice","ml":30},{"cocktail_id":"gin-fizz","ingredient":"Sugar Syrup","ml":20},{"cocktail_id":"gin-fizz","ingredient":"Eggwhites","ml":20},{"cocktail_id":"gin-martini","ingredient":"Plymouth","ml":40},{"cocktail_id":"gin-martini","ingredient":"Noilly Prat","ml":15},{"cocktail_id":"irish-coffee","ingredient":"Jameson or Tullamore","ml":30},{"cocktail_id":"irish-coffee","ingredient":"Filter coffee","ml":100},{"cocktail_id":"manhattan-sweet","ingredient":"Rittenhouse","ml":40},{"cocktail_id":"manhattan-sweet","ingredient":"Martini Rosso","ml":20},{"cocktail_id":"margarita","ingredient":"White Tequila","ml":40},{"cocktail_id":"margarita","ingredient":"Cointreau","ml":20},{"cocktail_id":"margarita","ingredient":"Lime Juice","ml":30},{"cocktail_id":"margarita","ingredient":"Sugar Syrup","ml":20},{"cocktail_id":"maverick","ingredient":"Absolut vanilla","ml":50},{"cocktail_id":"maverick","ingredient":"Vanilla Syrup","ml":20},{"cocktail_id":"maverick","ingredient":"Sugar Syrup","ml":20},{"cocktail_id":"maverick","ingredient":"Passionfruit Puree","ml":30},{"cocktail_id":"mojito","ingredient":"Havana 3 Year","ml":50},{"cocktail_id":"mojito","ingredient":"Lime Juice","ml":30},{"cocktail_id":"mojito","ingredient":"Sugar Syrup","ml":20},{"cocktail_id":"moscow-mule","ingredient":"Elyx","ml":50},{"cocktail_id":"moscow-mule","ingredient":"Lime Juice","ml":20},{"cocktail_id":"negroni","ingredient":"Plymouth","ml":30},{"cocktail_id":"negroni","ingredient":"Campari","ml":30},{"cocktail_id":"negroni","ingredient":"Martini Rosso","ml":30},{"cocktail_id":"sour-base","ingredient":"Spirit","ml":50},{"cocktail_id":"sour-base","ingredient":"Sugar Syrup","ml":20},{"cocktail_id":"sour-base","ingredient":"Egg White","ml":20},{"cocktail_id":"sour-base","ingredient":"Lemon or Lime Juice","ml":30},{"cocktail_id":"victor-spritz","ingredient":"Lillet Rouge","ml":30},{"cocktail_id":"victor-spritz","ingredient":"Cointreau","ml":10},{"cocktail_id":"victor-spritz","ingredient":"St. Germain","ml":10},{"cocktail_id":"spicy-margarita","ingredient":"Spice Mix","ml":70},{"cocktail_id":"spicy-margarita","ingredient":"Lime","ml":30},{"cocktail_id":"flor-de-mynte","ingredient":"Midori","ml":30},{"cocktail_id":"flor-de-mynte","ingredient":"St. Germain","ml":20},{"cocktail_id":"flor-de-mynte","ingredient":"Lemon","ml":30},{"cocktail_id":"flor-de-mynte","ingredient":"Sugar Syrup","ml":20},{"cocktail_id":"flor-de-mynte","ingredient":"Egg Whites","ml":20},{"cocktail_id":"belle-amour","ingredient":"Cointreau","ml":30},{"cocktail_id":"belle-amour","ingredient":"Beefeater 24","ml":20},{"cocktail_id":"belle-amour","ingredient":"Lemon","ml":20},{"cocktail_id":"belle-amour","ingredient":"Sugar Syrup","ml":10},{"cocktail_id":"belle-amour","ingredient":"Grenadine","ml":10},{"cocktail_id":"belle-amour","ingredient":"Egg Whites","ml":10},{"cocktail_id":"island-nectar","ingredient":"Fiji Rum","ml":50},{"cocktail_id":"island-nectar","ingredient":"Honey Syrup","ml":20},{"cocktail_id":"island-nectar","ingredient":"Lime","ml":30},{"cocktail_id":"nutcrackers-sour","ingredient":"Martell VS","ml":30},{"cocktail_id":"nutcrackers-sour","ingredient":"Cardamom Syrup","ml":30},{"cocktail_id":"nutcrackers-sour","ingredient":"Lemon","ml":30},{"cocktail_id":"nutcrackers-sour","ingredient":"Amaretto","ml":10},{"cocktail_id":"nutcrackers-sour","ingredient":"Cointreau","ml":10},{"cocktail_id":"nutcrackers-sour","ingredient":"Egg Whites","ml":20},{"cocktail_id":"naughty-and-nice","ingredient":"Havana 7yr","ml":40},{"cocktail_id":"naughty-and-nice","ingredient":"Cherry Heering","ml":20},{"cocktail_id":"naughty-and-nice","ingredient":"Pomegranate","ml":60},{"cocktail_id":"naughty-and-nice","ingredient":"Lime","ml":10},{"cocktail_id":"naughty-and-nice","ingredient":"Cinnamon Syrup","ml":10},{"cocktail_id":"wonderland","ingredient":"Havana 7yr","ml":40},{"cocktail_id":"wonderland","ingredient":"Pimento Dram","ml":10},{"cocktail_id":"wonderland","ingredient":"Crème de mure","ml":20},{"cocktail_id":"wonderland","ingredient":"White chocolate","ml":20},{"cocktail_id":"wonderland","ingredient":"Lemon","ml":20},{"cocktail_id":"amaretto-sour","ingredient":"Amaretto","ml":40},{"cocktail_id":"amaretto-sour","ingredient":"Bourbon","ml":10},{"cocktail_id":"amaretto-sour","ingredient":"Sugar Syrup","ml":20},{"cocktail_id":"amaretto-sour","ingredient":"Egg White","ml":20},{"cocktail_id":"amaretto-sour","ingredient":"Lemon Juice","ml":30},{"cocktail_id":"americano","ingredient":"Campari","ml":30},{"cocktail_id":"americano","ingredient":"Cocchi Rosso","ml":30},{"cocktail_id":"aperol-spritz","ingredient":"Aperol","ml":50},{"cocktail_id":"bloody-mary","ingredient":"Elyx","ml":50},{"cocktail_id":"bloody-mary","ingredient":"Looza tomat","ml":100},{"cocktail_id":"bloody-mary","ingredient":"Lemon Juice","ml":10},{"cocktail_id":"bloody-mary","ingredient":"Worcestershire sauce","ml":10},{"cocktail_id":"caipirinha","ingredient":"Cachaça","ml":50},{"cocktail_id":"caipirinha","ingredient":"Lime Juice","ml":20},{"cocktail_id":"caipirinha","ingredient":"Sugar Syrup","ml":10},{"cocktail_id":"cosmopolitan","ingredient":"Elyx","ml":40},{"cocktail_id":"cosmopolitan","ingredient":"Cointreau","ml":20},{"cocktail_id":"cosmopolitan","ingredient":"Lime Juice","ml":20},{"cocktail_id":"cosmopolitan","ingredient":"Cranberry Juice","ml":40},{"cocktail_id":"bobby-burns","ingredient":"4 Roses","ml":40},{"cocktail_id":"bobby-burns","ingredient":"Cocchi Rosso","ml":40},{"cocktail_id":"bobby-burns","ingredient":"Dom Benedictine","ml":10},{"cocktail_id":"boulevardier","ingredient":"4 Roses","ml":30},{"cocktail_id":"boulevardier","ingredient":"Campari","ml":30},{"cocktail_id":"boulevardier","ingredient":"Cocchi Rosso","ml":30},{"cocktail_id":"bramble","ingredient":"Plymouth","ml":40},{"cocktail_id":"bramble","ingredient":"Lemon Juice","ml":20},{"cocktail_id":"bramble","ingredient":"Sugar Syrup","ml":10},{"cocktail_id":"bramble","ingredient":"Cassis","ml":20},{"cocktail_id":"daiquiri","ingredient":"Havana 3 Year","ml":50},{"cocktail_id":"daiquiri","ingredient":"Lime Juice","ml":30},{"cocktail_id":"daiquiri","ingredient":"Sugar Syrup","ml":20},{"cocktail_id":"dark-and-stormy","ingredient":"Havana 7 Year","ml":50},{"cocktail_id":"dark-and-stormy","ingredient":"Lime Juice","ml":20},{"cocktail_id":"old-fashioned","ingredient":"Whisky","ml":50},{"cocktail_id":"old-fashioned","ingredient":"Sugar syrup","ml":10},{"cocktail_id":"vodka-martini","ingredient":"Elyx","ml":40},{"cocktail_id":"vodka-martini","ingredient":"Noilly Prat","ml":20},{"cocktail_id":"white-russian","ingredient":"Elyx","ml":40},{"cocktail_id":"white-russian","ingredient":"Kahlua","ml":40},{"cocktail_id":"whisky-sour","ingredient":"4 Roses","ml":50},{"cocktail_id":"whisky-sour","ingredient":"Sugar Syrup","ml":20},{"cocktail_id":"whisky-sour","ingredient":"Egg White","ml":20},{"cocktail_id":"whisky-sour","ingredient":"Lemon Juice","ml":30},{"cocktail_id":"pornstar-martini","ingredient":"Absolut vanilla","ml":50},{"cocktail_id":"pornstar-martini","ingredient":"Sugar Syrup","ml":20},{"cocktail_id":"pornstar-martini","ingredient":"Lemon juice","ml":20},{"cocktail_id":"pornstar-martini","ingredient":"Passionfruit Puree","ml":30},{"cocktail_id":"espresso-martini","ingredient":"Absolut vanilla","ml":40},{"cocktail_id":"espresso-martini","ingredient":"Kahlua","ml":20},{"cocktail_id":"espresso-martini","ingredient":"Sugar Syrup","ml":20},{"cocktail_id":"espresso-martini","ingredient":"Coffee","ml":40},{"cocktail_id":"gin-fizz","ingredient":"Plymouth","ml":50},{"cocktail_id":"gin-fizz","ingredient":"Lemon juice","ml":30},{"cocktail_id":"gin-fizz","ingredient":"Sugar Syrup","ml":20},{"cocktail_id":"gin-fizz","ingredient":"Eggwhites","ml":20},{"cocktail_id":"gin-martini","ingredient":"Plymouth","ml":40},{"cocktail_id":"gin-martini","ingredient":"Noilly Prat","ml":15},{"cocktail_id":"irish-coffee","ingredient":"Jameson or Tullamore","ml":30},{"cocktail_id":"irish-coffee","ingredient":"Filter coffee","ml":100},{"cocktail_id":"manhattan-sweet","ingredient":"Rittenhouse","ml":40},{"cocktail_id":"manhattan-sweet","ingredient":"Martini Rosso","ml":20},{"cocktail_id":"margarita","ingredient":"White Tequila","ml":40},{"cocktail_id":"margarita","ingredient":"Cointreau","ml":20},{"cocktail_id":"margarita","ingredient":"Lime Juice","ml":30},{"cocktail_id":"margarita","ingredient":"Sugar Syrup","ml":20},{"cocktail_id":"maverick","ingredient":"Absolut vanilla","ml":50},{"cocktail_id":"maverick","ingredient":"Vanilla Syrup","ml":20},{"cocktail_id":"maverick","ingredient":"Sugar Syrup","ml":20},{"cocktail_id":"maverick","ingredient":"Passionfruit Puree","ml":30},{"cocktail_id":"mojito","ingredient":"Havana 3 Year","ml":50},{"cocktail_id":"mojito","ingredient":"Lime Juice","ml":30},{"cocktail_id":"mojito","ingredient":"Sugar Syrup","ml":20},{"cocktail_id":"moscow-mule","ingredient":"Elyx","ml":50},{"cocktail_id":"moscow-mule","ingredient":"Lime Juice","ml":20},{"cocktail_id":"negroni","ingredient":"Plymouth","ml":30},{"cocktail_id":"negroni","ingredient":"Campari","ml":30},{"cocktail_id":"negroni","ingredient":"Martini Rosso","ml":30},{"cocktail_id":"sour-base","ingredient":"Spirit","ml":50},{"cocktail_id":"sour-base","ingredient":"Sugar Syrup","ml":20},{"cocktail_id":"sour-base","ingredient":"Egg White","ml":20},{"cocktail_id":"sour-base","ingredient":"Lemon or Lime Juice","ml":30},{"cocktail_id":"victor-spritz","ingredient":"Lillet Rouge","ml":30},{"cocktail_id":"victor-spritz","ingredient":"Cointreau","ml":10},{"cocktail_id":"victor-spritz","ingredient":"St. Germain","ml":10},{"cocktail_id":"spicy-margarita","ingredient":"Spice Mix","ml":70},{"cocktail_id":"spicy-margarita","ingredient":"Lime","ml":30},{"cocktail_id":"flor-de-mynte","ingredient":"Midori","ml":30},{"cocktail_id":"flor-de-mynte","ingredient":"St. Germain","ml":20},{"cocktail_id":"flor-de-mynte","ingredient":"Lemon","ml":30},{"cocktail_id":"flor-de-mynte","ingredient":"Sugar Syrup","ml":20},{"cocktail_id":"flor-de-mynte","ingredient":"Egg Whites","ml":20},{"cocktail_id":"belle-amour","ingredient":"Cointreau","ml":30},{"cocktail_id":"belle-amour","ingredient":"Beefeater 24","ml":20},{"cocktail_id":"belle-amour","ingredient":"Lemon","ml":20},{"cocktail_id":"belle-amour","ingredient":"Sugar Syrup","ml":10},{"cocktail_id":"belle-amour","ingredient":"Grenadine","ml":10},{"cocktail_id":"belle-amour","ingredient":"Egg Whites","ml":10},{"cocktail_id":"island-nectar","ingredient":"Fiji Rum","ml":50},{"cocktail_id":"island-nectar","ingredient":"Honey Syrup","ml":20},{"cocktail_id":"island-nectar","ingredient":"Lime","ml":30},{"cocktail_id":"nutcrackers-sour","ingredient":"Martell VS","ml":30},{"cocktail_id":"nutcrackers-sour","ingredient":"Cardamom Syrup","ml":30},{"cocktail_id":"nutcrackers-sour","ingredient":"Lemon","ml":30},{"cocktail_id":"nutcrackers-sour","ingredient":"Amaretto","ml":10},{"cocktail_id":"nutcrackers-sour","ingredient":"Cointreau","ml":10},{"cocktail_id":"nutcrackers-sour","ingredient":"Egg Whites","ml":20},{"cocktail_id":"naughty-and-nice","ingredient":"Havana 7yr","ml":40},{"cocktail_id":"naughty-and-nice","ingredient":"Cherry Heering","ml":20},{"cocktail_id":"naughty-and-nice","ingredient":"Pomegranate","ml":60},{"cocktail_id":"naughty-and-nice","ingredient":"Lime","ml":10},{"cocktail_id":"naughty-and-nice","ingredient":"Cinnamon Syrup","ml":10},{"cocktail_id":"wonderland","ingredient":"Havana 7yr","ml":40},{"cocktail_id":"wonderland","ingredient":"Pimento Dram","ml":10},{"cocktail_id":"wonderland","ingredient":"Crème de mure","ml":20},{"cocktail_id":"wonderland","ingredient":"White chocolate","ml":20},{"cocktail_id":"wonderland","ingredient":"Lemon","ml":20},{"cocktail_id":"amaretto-sour","ingredient":"Amaretto","ml":40},{"cocktail_id":"amaretto-sour","ingredient":"Bourbon","ml":10},{"cocktail_id":"amaretto-sour","ingredient":"Sugar Syrup","ml":20},{"cocktail_id":"amaretto-sour","ingredient":"Egg White","ml":20},{"cocktail_id":"amaretto-sour","ingredient":"Lemon Juice","ml":30},{"cocktail_id":"americano","ingredient":"Campari","ml":30},{"cocktail_id":"americano","ingredient":"Cocchi Rosso","ml":30},{"cocktail_id":"aperol-spritz","ingredient":"Aperol","ml":50},{"cocktail_id":"bloody-mary","ingredient":"Elyx","ml":50},{"cocktail_id":"bloody-mary","ingredient":"Looza tomat","ml":100},{"cocktail_id":"bloody-mary","ingredient":"Lemon Juice","ml":10},{"cocktail_id":"bloody-mary","ingredient":"Worcestershire sauce","ml":10},{"cocktail_id":"caipirinha","ingredient":"Cachaça","ml":50},{"cocktail_id":"caipirinha","ingredient":"Lime Juice","ml":20},{"cocktail_id":"caipirinha","ingredient":"Sugar Syrup","ml":10},{"cocktail_id":"cosmopolitan","ingredient":"Elyx","ml":40},{"cocktail_id":"cosmopolitan","ingredient":"Cointreau","ml":20},{"cocktail_id":"cosmopolitan","ingredient":"Lime Juice","ml":20},{"cocktail_id":"cosmopolitan","ingredient":"Cranberry Juice","ml":40},{"cocktail_id":"bobby-burns","ingredient":"4 Roses","ml":40},{"cocktail_id":"bobby-burns","ingredient":"Cocchi Rosso","ml":40},{"cocktail_id":"bobby-burns","ingredient":"Dom Benedictine","ml":10},{"cocktail_id":"boulevardier","ingredient":"4 Roses","ml":30},{"cocktail_id":"boulevardier","ingredient":"Campari","ml":30},{"cocktail_id":"boulevardier","ingredient":"Cocchi Rosso","ml":30},{"cocktail_id":"bramble","ingredient":"Plymouth","ml":40},{"cocktail_id":"bramble","ingredient":"Lemon Juice","ml":20},{"cocktail_id":"bramble","ingredient":"Sugar Syrup","ml":10},{"cocktail_id":"bramble","ingredient":"Cassis","ml":20},{"cocktail_id":"daiquiri","ingredient":"Havana 3 Year","ml":50},{"cocktail_id":"daiquiri","ingredient":"Lime Juice","ml":30},{"cocktail_id":"daiquiri","ingredient":"Sugar Syrup","ml":20},{"cocktail_id":"dark-and-stormy","ingredient":"Havana 7 Year","ml":50},{"cocktail_id":"dark-and-stormy","ingredient":"Lime Juice","ml":20},{"cocktail_id":"old-fashioned","ingredient":"Whisky","ml":50},{"cocktail_id":"old-fashioned","ingredient":"Sugar syrup","ml":10},{"cocktail_id":"vodka-martini","ingredient":"Elyx","ml":40},{"cocktail_id":"vodka-martini","ingredient":"Noilly Prat","ml":20},{"cocktail_id":"white-russian","ingredient":"Elyx","ml":40},{"cocktail_id":"white-russian","ingredient":"Kahlua","ml":40},{"cocktail_id":"whisky-sour","ingredient":"4 Roses","ml":50},{"cocktail_id":"whisky-sour","ingredient":"Sugar Syrup","ml":20},{"cocktail_id":"whisky-sour","ingredient":"Egg White","ml":20},{"cocktail_id":"whisky-sour","ingredient":"Lemon Juice","ml":30},{"cocktail_id":"pornstar-martini","ingredient":"Absolut vanilla","ml":50},{"cocktail_id":"pornstar-martini","ingredient":"Sugar Syrup","ml":20},{"cocktail_id":"pornstar-martini","ingredient":"Lemon juice","ml":20},{"cocktail_id":"pornstar-martini","ingredient":"Passionfruit Puree","ml":30},{"cocktail_id":"espresso-martini","ingredient":"Absolut vanilla","ml":40},{"cocktail_id":"espresso-martini","ingredient":"Kahlua","ml":20},{"cocktail_id":"espresso-martini","ingredient":"Sugar Syrup","ml":20},{"cocktail_id":"espresso-martini","ingredient":"Coffee","ml":40},{"cocktail_id":"gin-fizz","ingredient":"Plymouth","ml":50},{"cocktail_id":"gin-fizz","ingredient":"Lemon juice","ml":30},{"cocktail_id":"gin-fizz","ingredient":"Sugar Syrup","ml":20},{"cocktail_id":"gin-fizz","ingredient":"Eggwhites","ml":20},{"cocktail_id":"gin-martini","ingredient":"Plymouth","ml":40},{"cocktail_id":"gin-martini","ingredient":"Noilly Prat","ml":15},{"cocktail_id":"irish-coffee","ingredient":"Jameson or Tullamore","ml":30},{"cocktail_id":"irish-coffee","ingredient":"Filter coffee","ml":100},{"cocktail_id":"manhattan-sweet","ingredient":"Rittenhouse","ml":40},{"cocktail_id":"manhattan-sweet","ingredient":"Martini Rosso","ml":20},{"cocktail_id":"margarita","ingredient":"White Tequila","ml":40},{"cocktail_id":"margarita","ingredient":"Cointreau","ml":20},{"cocktail_id":"margarita","ingredient":"Lime Juice","ml":30},{"cocktail_id":"margarita","ingredient":"Sugar Syrup","ml":20},{"cocktail_id":"maverick","ingredient":"Absolut vanilla","ml":50},{"cocktail_id":"maverick","ingredient":"Vanilla Syrup","ml":20},{"cocktail_id":"maverick","ingredient":"Sugar Syrup","ml":20},{"cocktail_id":"maverick","ingredient":"Passionfruit Puree","ml":30},{"cocktail_id":"mojito","ingredient":"Havana 3 Year","ml":50},{"cocktail_id":"mojito","ingredient":"Lime Juice","ml":30},{"cocktail_id":"mojito","ingredient":"Sugar Syrup","ml":20},{"cocktail_id":"moscow-mule","ingredient":"Elyx","ml":50},{"cocktail_id":"moscow-mule","ingredient":"Lime Juice","ml":20},{"cocktail_id":"negroni","ingredient":"Plymouth","ml":30},{"cocktail_id":"negroni","ingredient":"Campari","ml":30},{"cocktail_id":"negroni","ingredient":"Martini Rosso","ml":30},{"cocktail_id":"sour-base","ingredient":"Spirit","ml":50},{"cocktail_id":"sour-base","ingredient":"Sugar Syrup","ml":20},{"cocktail_id":"sour-base","ingredient":"Egg White","ml":20},{"cocktail_id":"sour-base","ingredient":"Lemon or Lime Juice","ml":30}]