[{"cocktailId":"amaretto-sour","name":"Amaretto Sour","tag":"Regular","glassware":"LowBall/Rocks","technique":"Shake","straining":"Double Strain","garnish":"Maraschino cherry","is_batched":false,"serve_extras":"2 Dashes Angostura bitters"},{"cocktailId":"americano","name":"Americano","tag":"Regular","glassware":"Highball","technique":"Build","straining":"None","garnish":"Orange Slice","is_batched":false,"serve_extras":"Top Soda"},{"cocktailId":"aperol-spritz","name":"Aperol Spritz","tag":"Regular","glassware":"Wine","technique":"Build","straining":"None","garnish":"Orange Slice","is_batched":false,"serve_extras":"Top Prosecco/Cava, splash soda"},{"cocktailId":"belle-amour","name":"Belle Amour","tag":"Seasonal","glassware":"Nick & Nora","technique":"Shake","straining":"Double Strain","garnish":"Gold rim, Flower","is_batched":true,"serve_extras":null},{"cocktailId":"bloody-mary","name":"Bloody Mary","tag":"Regular","glassware":"Highball","technique":"Throw","straining":"Strain","garnish":"Lemon Slice+ Cucumber slice on a skewer","is_batched":false,"serve_extras":"3 dashes Tabasco, 2 shaker twists Pepper, 2 dashes Celery salt"},{"cocktailId":"bobby-burns","name":"Bobby Burns","tag":"Regular","glassware":"LowBall/Rocks","technique":"Build","straining":"None","garnish":"Orange peel","is_batched":false,"serve_extras":"2 Dashes Peychards"},{"cocktailId":"boulevardier","name":"Boulevardier","tag":"Regular","glassware":"LowBall/Rocks","technique":"Build","straining":"None","garnish":"Orange peel","is_batched":false,"serve_extras":null},{"cocktailId":"bramble","name":"Bramble","tag":"Regular","glassware":"LowBall/Rocks","technique":"Build","straining":"None","garnish":"Lemon Wedge","is_batched":false,"serve_extras":"Cassis over top of crushed ice"},{"cocktailId":"caipirinha","name":"Caipirinha","tag":"Regular","glassware":"LowBall/Rocks","technique":"Shake","straining":"Dirty Pour","garnish":"Lime Wedge","is_batched":false,"serve_extras":"2 lime wedges cut in half in the glass"},{"cocktailId":"cosmopolitan","name":"Cosmopolitan","tag":"Regular","glassware":"Coupe","technique":"Shake","straining":"Double Strain","garnish":"Dehydrated lime wheel","is_batched":false,"serve_extras":null},{"cocktailId":"daiquiri","name":"Daiquiri","tag":"Regular","glassware":"Nick & Nora","technique":"Shake","straining":"Double Strain","garnish":"Dehydrated lime wheel on rim","is_batched":false,"serve_extras":null},{"cocktailId":"dark-and-stormy","name":"Dark & Stormy","tag":"Regular","glassware":"Highball","technique":"Build","straining":"None","garnish":"Lime wedge","is_batched":false,"serve_extras":"2 Dashes Angostura Bitters, Top Ginger beer"},{"cocktailId":"espresso-martini","name":"Espresso Martini","tag":"Regular","glassware":"Coupe","technique":"Shake","straining":"Double Strain","garnish":"3 Coffee Beans","is_batched":false,"serve_extras":null},{"cocktailId":"flor-de-mynte","name":"Flor de Mynte","tag":"Seasonal","glassware":"Coupe","technique":"Shake","straining":"Double Strain","garnish":"Mint leaf","is_batched":true,"serve_extras":null},{"cocktailId":"gin-fizz","name":"Gin Fizz","tag":"Regular","glassware":"Highball","technique":"Shake","straining":"Double Strain","garnish":"Lemon slice","is_batched":false,"serve_extras":"Top soda"},{"cocktailId":"gin-martini","name":"Gin Martini","tag":"Regular","glassware":"Nick & Nora","technique":"Stir","straining":"Strain","garnish":"Lemon Twist/Olive","is_batched":false,"serve_extras":"If Dirty Add 1cl Olive brie"},{"cocktailId":"irish-coffee","name":"Irish Coffee","tag":"Regular","glassware":"Water Glass","technique":"Build","straining":"None","garnish":"Coffee Bean and Straw","is_batched":false,"serve_extras":"Spoon of brown sugar, Layered Siphon cream"},{"cocktailId":"island-nectar","name":"Island Nectar","tag":"Seasonal","glassware":"Coupe","technique":"Shake","straining":"Double Strain","garnish":"Dehydrated lime","is_batched":true,"serve_extras":null},{"cocktailId":"manhattan-sweet","name":"Manhattan (Sweet)","tag":"Regular","glassware":"Coupe","technique":"Stir","straining":"Strain","garnish":"Maraschino Cherry","is_batched":false,"serve_extras":"2 Dashes Angostura Bitters"},{"cocktailId":"margarita","name":"Margarita","tag":"Regular","glassware":"Coupe","technique":"Shake","straining":"Double Strain","garnish":"Salt Rim and dehydrated lime wheel","is_batched":false,"serve_extras":null},{"cocktailId":"maverick","name":"Maverick","tag":"Regular","glassware":"Coupe","technique":"Shake","straining":"Double Strain","garnish":"none","is_batched":true,"serve_extras":"Top Prosecco (to top of glass)"},{"cocktailId":"mojito","name":"Mojito","tag":"Regular","glassware":"Highball","technique":"Build & Churn","straining":"None","garnish":"Mint Sprig and lime wedge","is_batched":false,"serve_extras":"6 Mint Leaves (churned), Top soda"},{"cocktailId":"moscow-mule","name":"Moscow Mule","tag":"Regular","glassware":"Highball","technique":"Build","straining":"None","garnish":"Lime Wedge","is_batched":false,"serve_extras":"2 Dashes Angostura Bitters, Top Ginger beer"},{"cocktailId":"naughty-and-nice","name":"Naughty and Nice","tag":"Seasonal","glassware":"Wine Glass","technique":"Shake","straining":"Double Strain","garnish":"Cinnamon rim, Cinnamon stick","is_batched":true,"serve_extras":"Top with Gingerbeer"},{"cocktailId":"negroni","name":"Negroni","tag":"Regular","glassware":"LowBall/Rocks","technique":"Build","straining":"None","garnish":"Orange Slice or peel","is_batched":false,"serve_extras":null},{"cocktailId":"nutcrackers-sour","name":"The Nutcrackers Sour","tag":"Seasonal","glassware":"Coupe","technique":"Shake","straining":"Double Strain","garnish":"Cardamom rim","is_batched":true,"serve_extras":null},{"cocktailId":"old-fashioned","name":"Old Fashioned","tag":"Regular","glassware":"LowBall/Rocks","technique":"Build","straining":"None","garnish":"Orange slice or peel","is_batched":false,"serve_extras":"3 dashes Angostura bitters"},{"cocktailId":"pornstar-martini","name":"Pornstar Martini","tag":"Regular","glassware":"Coupe","technique":"Shake","straining":"Double Strain","garnish":"Prosecco Shot on Side","is_batched":false,"serve_extras":"Shot of Prosecco (on side)"},{"cocktailId":"sour-base","name":"Sour (Base)","tag":"Regular","glassware":"LowBall/Rocks","technique":"Shake","straining":"Double Strain","garnish":"Various","is_batched":false,"serve_extras":"3 Dashes Bitters if appropriate"},{"cocktailId":"spicy-margarita","name":"Victor's Spicy Margarita","tag":"Seasonal","glassware":"LowBall/Rocks","technique":"Shake","straining":"Double Strain","garnish":"Chili rim","is_batched":true,"serve_extras":null},{"cocktailId":"victor-spritz","name":"Victor Spritz","tag":"Seasonal","glassware":"Wine Glass","technique":"Build","straining":"None","garnish":"Lemon slice, Umbrella, Straw","is_batched":true,"serve_extras":"Top Prosecco"},{"cocktailId":"vodka-martini","name":"Vodka Martini","tag":"Regular","glassware":"Nick & Nora","technique":"Stir","straining":"Strain","garnish":"Lemon Twist/Olive","is_batched":false,"serve_extras":"If Dirty Add 1cl Olive brie"},{"cocktailId":"whisky-sour","name":"Whisky Sour","tag":"Regular","glassware":"LowBall/Rocks","technique":"Shake","straining":"Double Strain","garnish":"Orange peel","is_batched":false,"serve_extras":"3 Dashes Angostura bitters"},{"cocktailId":"white-russian","name":"White Russian","tag":"Regular","glassware":"LowBall/Rocks","technique":"Build","straining":"None","garnish":"None","is_batched":false,"serve_extras":"Top double cream, Layered"},{"cocktailId":"wonderland","name":"Wonderland","tag":"Seasonal","glassware":"LowBall/Rocks","technique":"Shake","straining":"Double Strain","garnish":"Mint spring with powder","is_batched":true,"serve_extras":null}]