[{"cocktailId":"belle-amour","name":"Belle Amour","count":14,"threshold":7},{"cocktailId":"flor-de-mynte","name":"Flor de Mynte","count":8,"threshold":7},{"cocktailId":"island-nectar","name":"Island Nectar","count":14,"threshold":7},{"cocktailId":"maverick","name":"Maverick","count":18,"threshold":14},{"cocktailId":"naughty-and-nice","name":"Naughty and Nice","count":11,"threshold":7},{"cocktailId":"nutcrackers-sour","name":"The Nutcrackers Sour","count":12,"threshold":7},{"cocktailId":"spicy-margarita","name":"Victor's Spicy Margarita","count":13,"threshold":10},{"cocktailId":"victor-spritz","name":"Victor Spritz","count":16,"threshold":7},{"cocktailId":"wonderland","name":"Wonderland","count":8,"threshold":7}]